{
  "python_version": "1.6.0",
  "metrics": {
    "accuracy": 0.7963094393186657,
    "precision": 0.6346749226006192,
    "recall": 0.5481283422459893,
    "f1": 0.5882352941176471
  },
  "notes": "Rebuilt inside Streamlit Cloud"
}